class,posx,posy,posx_n,posy_n,spdx,spdy,spdx_n,spdy_n,aclx,acly,aclx_n,acly_n,hedx,hedy,hedx_n,hedy_n
0,582.5289014450013,663.0085430302561,4.0014229756849975,4.0017927382417575,-0.08721576069045554,0.2779848351016225,0.00011784295279099209,5.219976943142246e-05,0.003499286514263563,3.894377137521549e-06,0.0010152150827013131,0.0011251246516726342,-0.043291955661670274,0.043803583845498414,13.454620213915256,13.08994962546914
1,780.1864408059276,700.9858216874555,3.9947040124502537,3.993827240282199,-0.5346808475703324,0.40349235086726254,0.0003782328329172523,0.00015176141122541636,0.004952726827093372,0.0034907804071770457,0.0009109078482248708,0.0010459088703124184,-0.08801499899625866,0.06479631537696742,14.479374977397725,13.519592250622756
2,662.3976850789544,739.4898308073156,3.9800030511853492,3.981906685613753,0.12855979931381592,0.22695947687376572,-0.00016445231232528487,-0.00046039923649479506,0.009914291372296729,0.00027662030734094067,0.001061449610694373,0.0012158022594079719,-0.03104070358496627,0.0392437823719569,13.713057759867981,13.076655939743262
3,752.6875369377937,749.188249779481,4.017311663380075,4.017233056881386,-0.4224352760157379,-0.11823954707919346,-0.00023624571408737975,-0.00015860524738698674,0.004169703259522532,-0.003890554075040611,0.0010622447959859488,0.0011996459010346937,-0.08562830927968319,0.004681232743223419,13.458712316038287,13.448496672713004
4,572.3474055793155,652.4728392727064,4.006339626834195,4.009047618426019,0.15898670570147053,0.8934294484076708,0.0005793252338481204,-0.00011395192067658425,0.006653813447396725,0.0011664884634701017,0.0009694559060467886,0.0011116348942192258,-0.0027849006932247435,0.11109112880817985,12.536863453891618,11.860917675317072
5,583.6586444280499,662.2113422849374,3.919959454027181,3.921066345650015,21.1281631864744,19.534412110887015,0.00035350637841874205,-3.114791931120111e-05,0.0018735639533646322,0.002848822183950594,0.0008936427204682678,0.0010029669636948781,-0.013469067383745006,0.021184568921075796,13.065209188621978,13.202048929820297
6,576.848917300323,665.0103446288845,3.930841602208323,3.932079954312978,6.555964890503754,7.583252797598506,-0.0004606276514781396,-0.0010137656322200751,0.005360056947419433,-0.00039165012679514167,0.0010399799980216416,0.0011377492205519421,-0.09271330010002296,0.08026712595181146,13.890732655065726,12.750300688345105
7,597.6153517975249,664.7780342215193,3.992473409008772,3.9905854847579185,19.962781352034916,20.057112290343618,0.0002806638794890566,-0.000617665861779325,-0.0013494447673681892,-0.000203172446905274,0.0009961369229527129,0.0010967723968203457,-0.08941738785231552,-0.019810076669240853,13.599511329619572,13.247658477934618
8,609.9930672023253,680.3973388001598,4.040141252975076,4.040698556663166,-0.2411904484258579,0.23687482304605006,0.0005646733608330765,0.0009754702810835223,0.014528840710913943,0.0007882298261148808,0.0010494907432593936,0.0011262822406965232,-0.06487518195367974,0.03231860156128886,13.206670677376346,12.52751521527148
9,614.747835364084,658.1462499593968,3.994583784466048,3.998292027108391,-0.09559405324872396,-0.0638708975121397,-0.0009446322085863861,-0.0005163498136960119,0.0008225150620522947,-0.0033477162027728564,0.0009645342900085781,0.001575683589862691,-0.03318063103327015,-0.014620837771785052,13.208009198821614,12.306432322029677
10,591.542419931607,653.1326386327758,3.9744050434774394,3.9753990589030224,3.901237674434183,4.037213455270502,-3.4430345980770394e-05,0.0001896965262207814,0.13039359004834702,0.1490566484602731,0.0009660690518315903,0.0011480850981872748,-0.03134240983439676,0.024286853232752252,12.939699029848423,13.2032155174051
11,597.8536853320996,663.3130523078721,4.0115026934003435,4.008595481130848,1.4936536193016294,1.6107932561256184,-0.0001730981056504554,-7.228134073101226e-05,0.0025278805779101283,0.03338139569133182,0.0011185894312042285,0.0012208984634452633,-0.041775780536508565,0.05827822206500851,12.739643948566258,12.84617784279812
12,295.79549298277465,309.14775269948495,1.942373341864521,1.9437517307767904,-0.20256255143291166,0.33030612058627906,-0.0005806097213731306,-0.0003491946776224591,0.0021612974269500894,0.001704685616839682,0.0005149883232471532,0.0006142638274746404,-0.028733077500699252,0.048955248122940824,6.9556853423801694,6.1053451797905485
13,585.4887434978085,662.6873689409251,4.0266420259394,4.027413483676468,-0.06178538944648216,0.19269184379218268,9.969433433165379e-05,-0.00035004839955266195,0.005617344647625843,0.002524819775870178,0.001041615180380753,0.001125193141373566,-0.03667395093277468,0.03571783535789835,13.939972585574239,13.283181323080951
14,750.0276900937386,751.3699164980172,4.084439938963935,4.083091939254306,20.017042357602875,20.022789673595643,-0.00029659073480239726,0.00032183244010628944,0.9980309023477374,0.9989900687819372,0.000989544915745214,0.0010945005729111723,0.0012388999041366177,-0.0010068472037629648,13.637572140451967,12.867497570344671
15,620.5210419398413,661.9794229093854,3.9910203694906965,3.9920245853334455,3.3007417487847928,3.2812128031187338,0.00014979836241810524,-0.00025161140831373634,0.08163482633813367,0.12149494243928072,0.0009571014639312141,0.0011468097203143671,-0.04000014741622127,0.008778809056064003,13.180505493695293,13.709021933434622
16,584.2004900716996,676.2526800767645,4.112626017204189,4.112454340207884,0.001991405248163268,-0.04555572400697486,0.000754807977798921,0.0009675647272091792,0.024524580108739882,0.02399446727009446,0.0009844705611389067,0.0011033831889274786,-0.04945767401096243,0.013701314175109712,14.023603776855767,14.479859104398518
17,576.8031146929766,665.1189059782396,4.004292165999599,4.007412816130058,1.554185342392429,1.8287058083426342,0.00023895236390976908,7.894166056506229e-05,0.0006925853957978976,0.02985963839115604,0.0010794757199693655,0.0011942729295877843,-0.029426838964307526,0.02280427277304535,13.244531028894029,12.987646846794064
18,750.07960014703,748.7793932158729,4.030278709553894,4.028900083371688,19.997934636266336,20.064167879247677,-0.0001988796232249595,-0.0007082141465115525,0.9995612222465832,0.9972482682830861,0.00099849456323809,0.0010859360559658453,0.0008049122348898077,-0.001468095078923986,13.59150551257516,13.053552679546135
19,591.516662239145,658.437987463799,3.998545591598784,4.000841320909058,2.9378378802577565,2.8203659641325967,2.5055462622416757e-05,-0.0002038985719569678,0.08205356141230895,0.11077121154770024,0.0009613548850764497,0.001111679493351066,-0.018204709645572966,0.021211735318332186,12.711292640589878,13.439413872892596
