experiment,model,features,n_features,identity,split,class_weighted,val_macro_f1,test_macro_f1,test_balanced_accuracy,test_accuracy,test_weighted_f1,test_mcc,test_binary_f1_misbehaving,test_sender_macro_f1,test_ece,test_predict_ms_per_1k,fit_seconds
xgb_F2_pseudo_rowsplit,xgb,F2,41,senderPseudo,row,False,0.9554,0.9544,0.9402,0.9767,0.9762,0.9632,0.9832,0.9854,0.0038,12.0,525.7
xgb_F1_pseudo_rowsplit,xgb,F1,40,senderPseudo,row,False,0.9544,0.9536,0.9385,0.9762,0.9756,0.9624,0.9824,0.9858,0.0034,24.43,671.0
xgb_F2_pseudo_lr05,xgb,F2,41,senderPseudo,sender,False,0.9158,0.9212,0.9017,0.9613,0.9598,0.9376,0.9769,0.9555,0.0013,3.73,193.3
xgb_F2_pseudo_d6,xgb,F2,41,senderPseudo,sender,False,0.9154,0.9202,0.9005,0.9609,0.9594,0.9371,0.9767,0.9541,0.0014,2.52,121.2
xgb_F2_pseudo_d10,xgb,F2,41,senderPseudo,sender,False,0.9153,0.92,0.9013,0.9607,0.9593,0.9366,0.9771,0.9598,0.0032,2.1,95.6
xgb_F2_pseudo,xgb,F2,41,senderPseudo,sender,False,0.9142,0.9188,0.8997,0.9604,0.959,0.9362,0.9767,0.9564,0.0024,3.99,224.3
rf_F2_pseudo,rf,F2,41,senderPseudo,sender,False,0.9068,0.9124,0.8919,0.9582,0.9563,0.9325,0.9755,0.9479,0.0168,6.56,300.8
xgb_F1_pseudo,xgb,F1,40,senderPseudo,sender,False,0.9034,0.9081,0.8848,0.9558,0.9539,0.9287,0.9715,0.9507,0.0031,1.52,84.0
xgb_F2_pseudo_weighted,xgb,F2,41,senderPseudo,sender,True,0.9065,0.9081,0.9037,0.9518,0.9516,0.9227,0.9697,0.9542,0.0277,7.76,404.3
tree_F2_pseudo,tree,F2,41,senderPseudo,sender,False,0.9017,0.9065,0.8889,0.9549,0.9536,0.9273,0.9754,0.9589,0.0074,0.72,818.6
xgb_F1_pseudo_weighted,xgb,F1,40,senderPseudo,sender,True,0.9012,0.9028,0.8986,0.9488,0.9486,0.9179,0.9662,0.9541,0.0306,7.25,383.4
rf_F1_pseudo,rf,F1,40,senderPseudo,sender,False,0.8852,0.89,0.8646,0.9506,0.9465,0.9202,0.9654,0.9169,0.0188,4.71,176.6
tree_F1_pseudo,tree,F1,40,senderPseudo,sender,False,0.8845,0.888,0.8644,0.9482,0.9453,0.9162,0.9669,0.9339,0.0064,0.3,277.0
xgb_F2_sender,xgb,F2,41,sender,sender,False,0.8669,0.8577,0.8495,0.9357,0.9346,0.8969,0.9885,0.8704,0.0088,2.34,146.6
xgb_F1_sender,xgb,F1,40,sender,sender,False,0.8559,0.8463,0.8328,0.9307,0.9292,0.8886,0.9835,0.8607,0.0131,1.76,96.5
logreg_F2_pseudo,logreg,F2,41,senderPseudo,sender,False,0.7893,0.7997,0.7521,0.907,0.8986,0.8474,0.9295,0.8744,0.0205,2.08,116.1
logreg_F1_pseudo,logreg,F1,40,senderPseudo,sender,False,0.7487,0.7587,0.7169,0.8979,0.8836,0.8318,0.9155,0.8359,0.0223,0.93,54.6
xgb_F0_rowsplit,xgb,F0,18,senderPseudo,row,False,0.6807,0.6798,0.6369,0.8411,0.8102,0.7375,0.8237,0.7069,0.0332,11.57,332.0
xgb_F0,xgb,F0,18,senderPseudo,sender,False,0.353,0.3691,0.3519,0.7338,0.6632,0.5248,0.7128,0.4304,0.0215,1.1,46.6
rf_F0,rf,F0,18,senderPseudo,sender,False,0.3479,0.3491,0.3338,0.7246,0.6518,0.5049,0.6923,0.3824,0.0422,5.56,127.3
