,mean,std,min,max
posx,599.0197089504587,391.5810639460741,-20.01299218283596,1518.9556909741427
posy,667.3366365886967,305.64940159949873,-22.47955791131378,1522.6086272866387
posx_n,3.9823282581950856,0.6845492079643875,0.0,8.245799564253035
posy_n,3.982727003795243,0.6850235362743035,0.0,8.29282635651494
spdx,2.2035644710481233,10.237755313572245,-26.993423912186824,39.99998819515526
spdy,2.470869120824443,10.120777308639246,-27.87225556600123,39.99979595357743
spdx_n,0.00010201266421066805,0.012182105292020611,-0.108312710898649,0.08892374671934
spdy_n,2.1348009124370272e-05,0.012143028289046325,-0.108254450679259,0.107535537519936
aclx,0.07831555202664241,1.0170320184977546,-6.999003995944449,4.506170154897107
acly,0.0788591702877974,1.1531779066778216,-4.499935475149522,4.504407749803829
aclx_n,0.0010018282077592095,0.0028532721551991656,0.0,0.146510027789643
acly_n,0.0011231343869681715,0.0027953061720709283,0.0,0.133583682852856
hedx,-0.040585929160869914,0.6784652302080603,-0.999999999999422,1.0
hedy,0.03554393355260898,0.7094473334501414,-0.99999999999996,0.9999999999997672
hedx_n,13.380675831953145,14.269248037415265,0.0,121.30637235838084
hedy_n,13.075960926229717,14.22393082916946,0.0,113.69652199869228
