,mean_abs_shap
dt,0.8568287
r_resid_absmean,0.61564463
r_dpos_mean,0.50433
msg_index,0.49593815
r_spd_std,0.43596083
r_resid_std,0.33221215
r_dt_mean,0.29714662
r_vel_err_y_std,0.29258996
road_dist,0.28662997
r_same_frac,0.2557497
spd,0.25137854
r_vel_err_x_std,0.20121881
r_vel_err_y_mean,0.19594881
spd_resid,0.1891245
spdx,0.18897903
dpos,0.18149099
v_implied,0.17581142
r_vel_err_x_mean,0.16026491
spdy,0.14333843
aclx,0.10351124
spdx_n,0.09948362
hed_disp_cos,0.099156745
spdy_n,0.0913862
dhed,0.09071346
posx,0.09041039
acly,0.08484483
posy,0.084798835
vel_err_y,0.07552199
acl_err_y,0.0657334
vel_err_x,0.06448367
acl,0.06365377
hedy_n,0.06297831
acl_err_x,0.05876469
aclx_n,0.04885023
hedx,0.048767693
hedx_n,0.04846421
hedy,0.043659236
posx_n,0.040785108
posy_n,0.03691871
same_as_prev,0.029604692
acly_n,0.029073434
