,Genuine,Constant position,Constant position offset,Random position,Random position offset,Constant speed,Constant speed offset,Random speed,Random speed offset,Eventual stop,Disruptive,Data replay,Delayed messages,DoS,DoS random,DoS disruptive,Grid Sybil,Data replay Sybil,DoS random Sybil,DoS disruptive Sybil
posx,0.010626464,0.10087218,0.80173886,0.098267525,0.037177313,0.04133704,0.03829261,0.045837197,0.014631438,0.05003294,0.093428984,0.026017586,0.40544775,0.10666119,0.008224323,0.011760482,0.044049304,0.10210193,0.0045249662,0.034218706
posy,0.019156687,0.09123951,0.58804464,0.053278126,0.09187237,0.05773252,0.027052294,0.020280212,0.015077106,0.049474686,0.050675668,0.020253327,0.4394822,0.22080345,0.015183517,0.04448352,0.06758742,0.20273209,0.009468748,0.045630522
posx_n,0.012473418,0.04451976,0.072133,0.012588599,0.017821973,0.10387595,0.032591265,0.07953314,0.018546121,0.03745449,0.011061517,0.01806393,0.5878146,0.10229463,0.04715017,0.041475143,0.045598134,0.018054513,0.045131084,0.023415841
posy_n,0.011851148,0.058469303,0.022081763,0.014451965,0.014704909,0.043058667,0.033365436,0.03785847,0.01342098,0.061337803,0.0154432105,0.0122608915,0.28015584,0.10553168,0.11056932,0.10082981,0.016187258,0.011248851,0.06213209,0.034153983
spdx,0.0077756112,0.08935118,0.11817653,0.050532375,0.015115714,0.27402186,0.12662381,0.20372376,0.136513,0.019079283,0.008039798,0.013180687,0.07149554,0.033722818,0.060909927,0.15216403,0.030790195,0.038745295,0.090666704,0.07524062
spdy,0.0059591085,0.052953355,0.123911574,0.06619516,0.12794124,0.17903556,0.11153149,0.13762416,0.10958936,0.048633154,0.009343566,0.008787369,0.15681362,0.033948578,0.07375166,0.15450422,0.034713212,0.019871378,0.045000516,0.050217927
spdx_n,0.024114402,0.18484086,0.035382435,0.07840513,0.060981616,0.1353893,0.17737071,0.18875036,0.2550318,0.05877834,0.026508424,0.05391642,0.051027678,0.0909294,0.12560876,0.07388847,0.2022385,0.08885555,0.09311959,0.05122086
spdy_n,0.018716753,0.082328826,0.07965342,0.069310084,0.037091658,0.16272935,0.11368974,0.24348964,0.16689977,0.08923941,0.022194738,0.039608996,0.033966832,0.100085005,0.07884547,0.0682451,0.37438253,0.023953179,0.08352145,0.04363208
aclx,0.0004249142,0.0548302,0.031463094,0.030629171,0.050257478,0.062344406,0.01860543,0.06643004,0.11305453,0.11691401,0.007031084,0.009743811,0.011869354,0.015640063,0.07782979,0.104993805,0.003988311,0.018694106,0.09587758,0.062813066
acly,0.00038727047,0.038907193,0.016628489,0.020126764,0.019178806,0.059482213,0.032032564,0.022264156,0.014147844,0.024370588,0.027333634,0.01659221,0.012136967,0.03035835,0.05285702,0.122238144,0.0062842816,0.0075947004,0.108967565,0.03454401
aclx_n,0.005087374,0.06891636,0.02962824,0.28615388,0.09572458,0.08074676,0.0597038,0.11078349,0.054557744,0.017810268,0.016648775,0.009177276,0.0034593714,0.025067491,0.061492607,0.048527554,0.026843436,0.027507327,0.019834587,0.03436209
acly_n,0.002654522,0.0491945,0.019418731,0.05472147,0.042763475,0.08159463,0.053149987,0.04426899,0.06575985,0.03506992,0.01642517,0.005356686,0.0044811363,0.019464295,0.03020673,0.015931102,0.023014935,0.019222992,0.027803656,0.022954846
hedx,0.008138183,0.056884054,0.20431355,0.024143124,0.02692555,0.044527836,0.102808364,0.11123764,0.03803121,0.14630555,0.045673385,0.022898898,0.07884266,0.08147916,0.015204767,0.03023185,0.019858109,0.05197308,0.111617014,0.009807481
hedy,0.011669883,0.046929948,0.2679638,0.03870027,0.027289117,0.063756056,0.04203394,0.073114805,0.02252899,0.022533052,0.04840148,0.015262556,0.14398755,0.23689187,0.008749977,0.037532456,0.026926924,0.030729774,0.04300641,0.014264649
hedx_n,0.015801586,0.05875225,0.01845113,0.016608851,0.02289437,0.036770843,0.0866357,0.049382657,0.0026382199,0.0875941,0.027440965,0.032745764,0.45002165,0.15254101,0.1267444,0.09248797,0.033866785,0.020335099,0.1676312,0.035162944
hedy_n,0.01741571,0.048720606,0.051523693,0.07169419,0.027086461,0.076963834,0.03899339,0.029015712,0.013368496,0.034063138,0.021716721,0.03161446,3.1253006,0.06879474,0.105716,0.08167614,0.04782265,0.016091803,0.08145612,0.033332545
spd,0.059225883,0.5084856,0.091857605,0.11667869,0.15576077,0.7626794,0.11246336,0.44058776,0.11237038,2.8069549,0.036210332,0.09874408,0.1791757,0.1480084,0.31065312,0.20032212,1.5789616,0.10531924,0.28079662,0.1102368
acl,0.008908337,0.10829049,0.009874205,0.033189338,0.092957385,0.088272475,0.03223586,0.08568363,0.087798595,2.9334364,0.012905377,0.010931524,0.0835208,0.017379863,0.016737351,0.026113445,0.047690023,0.06920689,0.04383797,0.04919387
dt,0.006191045,0.007417842,0.0052827615,0.1822364,0.13313395,0.029431067,0.006597927,0.010208234,0.017590122,0.0025200795,0.9591023,0.47905305,0.024914192,1.1979821,0.35177332,1.6612248,0.18611644,0.31097716,2.7029917,2.6353319
dpos,0.018541628,0.5489295,0.507028,0.070344575,0.28147295,0.029399678,0.15719791,0.22970879,0.081006296,0.06994949,0.117685735,0.030034214,0.029091362,0.009183426,0.06773131,0.024897082,0.11684176,0.10742307,0.016194554,0.044106454
v_implied,0.042059842,1.5735999,0.016487645,0.26149175,0.04757736,0.03837755,0.08034992,0.01977828,0.097655505,0.029692844,0.23060335,0.06628378,0.0140955,0.0026966624,0.3616934,0.08815638,0.026372606,0.08880321,0.002882431,0.03162422
spd_resid,0.04076055,0.08762818,0.012852372,0.55365384,0.1967852,0.46124873,0.073125385,1.3206167,0.3284932,0.024858551,0.15157895,0.20134643,0.11684691,0.0072712717,0.10619653,0.011131247,0.112288326,0.029789835,0.015929356,0.0062486357
vel_err_x,0.0065513,0.017867459,0.0142829195,0.060153518,0.02100074,0.045720916,0.41446143,0.021847293,0.41000202,0.0020786724,0.01571955,0.009974764,0.0016961106,0.0013287044,0.00463601,0.0040683053,0.0009574491,0.011111588,0.009999861,0.05740226
vel_err_y,0.016570548,0.018172434,0.016164865,0.023813577,0.018366603,0.017905056,0.7110925,0.025318174,0.25476712,0.005381563,0.016012035,0.013762007,0.0015934431,0.0061606914,0.009192139,0.008425921,0.022223603,0.0076693194,0.0039147045,0.015469706
acl_err_x,0.0004297862,0.12934382,0.04537796,0.31878683,0.06486958,0.015853291,0.13755426,0.224406,0.23414503,0.011201723,0.017272187,0.02331952,0.0028911326,0.016424611,0.14601354,0.1418643,0.004269515,0.04932244,0.06686261,0.22124402
acl_err_y,0.004283072,0.04163823,0.0036897154,0.47062337,0.23165257,0.009846296,0.15634981,0.14361429,0.34552082,0.0023821164,0.058540344,0.012806038,0.008351323,0.036391154,0.15941504,0.156017,0.0041726194,0.003164666,0.044610694,0.16117425
hed_disp_cos,0.016214758,0.0466743,0.05076752,0.059809588,0.6096622,0.5322623,0.08204143,0.38302696,0.45770645,0.07083002,0.109979235,0.031635035,0.1697208,0.009534916,0.0053906348,0.018608987,0.04694931,0.07112509,0.01407234,0.0065329107
dhed,0.004981035,0.08421618,0.017131563,0.7577617,0.32250494,0.06100078,0.041715264,0.03607569,0.1211186,0.77127606,0.12787412,0.08597226,0.10784847,0.0056324652,0.029847374,0.071657576,0.12707935,0.016130205,0.022813523,0.14616108
same_as_prev,0.0016106504,0.9911034,0.0,0.0,0.0,0.039625417,0.0,0.0,0.0,0.0011850946,0.00035454228,0.038083453,0.0,0.038488284,0.0,0.001429328,0.00020974808,0.0071783955,9.86656e-05,0.020368667
msg_index,0.05441071,0.59223247,0.101470925,0.11630638,0.38001546,1.0587134,0.87221915,0.62552404,0.6008885,0.30028334,0.302018,0.12468531,0.8344556,0.7960561,0.16122477,0.042340983,0.04860168,1.8822874,0.3157705,0.06492961
r_dt_mean,0.03716849,0.008529532,0.008469593,0.10212603,0.12945834,0.00075544056,0.014610799,0.006641422,0.12509578,0.002584074,0.13498192,0.29031757,0.016862072,0.19304278,0.0068706376,0.6547563,1.4856925,0.53785783,0.6811246,0.5595709
r_dpos_mean,0.03133697,6.2757025,0.07525256,3.715393,3.8653674,0.34081614,0.06840831,1.8671124,0.193,0.043729592,0.22116712,0.37632963,0.06883518,0.11121719,0.154701,0.29481423,0.11222056,0.1642494,0.05861312,0.050632678
r_spd_std,0.052356206,0.094295986,0.09123842,1.7980772,0.16410165,6.8093,0.2767399,2.040969,0.5227306,0.043230783,0.42237008,0.15076867,0.33732337,0.039482243,0.19425923,0.21576434,0.509512,0.58956236,0.088805564,0.104430236
r_resid_absmean,0.9947573,0.061481126,1.7579435,0.42543566,0.49323624,0.044958968,0.24573909,0.24088417,2.492184,0.3910177,1.4838039,0.18526752,0.14363223,0.033347953,1.5238595,0.9920326,0.3369703,0.103620164,0.00603793,0.034292396
r_resid_std,0.23386213,0.0064304043,0.16905457,0.64793855,1.3451777,0.2862713,0.026356377,0.2840509,1.2210526,0.039387845,0.3875873,2.001784,0.071417525,0.03712449,0.07107027,0.12571576,0.096241586,0.08592285,0.0027420123,0.013056344
r_vel_err_x_mean,0.016123245,0.05663358,0.023021644,0.08357077,0.12443703,0.1270181,3.1869423,0.874927,0.081318416,0.06335495,0.02861134,0.036174882,0.25623536,0.019415926,0.03473424,0.055438295,0.019456806,0.07972529,0.018975606,0.027381133
r_vel_err_y_mean,0.037182678,0.049406234,0.018752035,0.11164541,0.059619185,0.08228775,1.2615076,1.1392912,0.12412444,0.0117742885,0.04519252,0.054871604,0.16203953,0.03073575,0.06595486,0.06510611,0.0320962,0.04536197,0.026598817,0.043376215
r_vel_err_x_std,0.02699544,0.005680522,0.10224245,0.067621015,1.3532552,0.019745484,1.6303295,0.21177247,2.0645006,0.1882127,0.09802963,0.15427245,0.03377699,0.026264245,0.26972294,0.012018832,0.04391446,0.060038727,0.005087494,0.0035192692
r_vel_err_y_std,0.08301341,0.014853707,0.13224275,0.40653044,0.5268213,0.031196209,0.9913683,0.6867978,0.84551775,0.03465264,0.35183012,0.46050617,0.05126799,0.05602246,1.0001872,0.13592915,0.1200927,0.043740466,0.0038725808,0.0058794534
r_same_frac,0.076683246,1.1147314,0.0033903297,0.03689278,0.065580435,0.012371326,0.001502861,0.051160038,0.08581706,0.050143316,0.1258909,0.32893786,0.0433791,4.543872,0.023122743,0.09252897,0.055537757,0.16821669,0.0010081194,0.019146161
road_dist,0.07107728,0.20045784,3.2110567,1.0518974,0.4427141,0.067179725,0.069912896,0.19929631,0.080883846,0.020303573,0.019780697,0.07988997,0.07518327,0.021725465,0.1552641,0.24584638,0.022991402,0.08848128,0.07067874,0.17787163
